ID,Name
06f227c7f5934821a5ded92d32d03338,Shanna L McConnell
09cc0f3ef8134e19bc89117ae7c0a2dd,papaya400
0ea2dc2cd1e348bb870b5044b3f9e801,Ben Schwartz
14d6fd179c4d47b596296187c8b2ff2a,Luke Morrow
18ccd70f61474a6f8b098385f3df2919,Holden
1e6d6b33bca94697b45618adde17653c,emcq
1feaeb0fe4294014be6c5a3526a83a1e,katiebyron
23751e1b884b499b87b049df722558cd,Kristin Bonds
320a33ba815e48a999e3c68cafe53a0d,kellyweeks129
399de5bc925148dd87477f780b873e7a,Adrianna
5727d8fd55d447a185862858032e7ecb,secondstanza
60744edbdb3442f7a6d9810616235ee0,TreB3B3
7f97b9f6e0794c4f8667a073acc7cfee,Lori Hutch
8aa10f2ca09e423791bbc00a4efe08da,Eli Schmerler
90dd2effc77c4a2d8f069c015647267a,Troupe Earnest Gammage
958fbdfaaee840e49a48476901d4c741,andythawkins
ab5221753564490e9c3560634daec144,Annie Harrell
bd2a5e4dc6b942258e5f40bd6c36bef4,Kathie Xiao
c9ce31cb06a44244b4c25dfb6cca67fc,hangman28
d7fe0432f186485689b8bf437404ad66,jwilli
